W.W. Grainger,4646211667,4/9/2025,31,GR03844,3.82,"101 SOUTHCHASE BLVD FOUNTAIN INN ,  SC 29644","Special 
Instructions
Note 1"
W.W. Grainger,4646211667,4/9/2025,91,GR03842,3.48,"101 SOUTHCHASE BLVD FOUNTAIN INN ,  SC 29644","Special 
Instructions
Note 1"
W.W. Grainger,4646211667,4/9/2025,31,GR03843,7.83,"101 SOUTHCHASE BLVD FOUNTAIN INN ,  SC 29644","Special 
Instructions
Note 1"
W.W. Grainger,4646211667,4/9/2025,29,GR03843,7.83,"101 SOUTHCHASE BLVD FOUNTAIN INN ,  SC 29644","Special 
Instructions
Note 1"
